Date,Name,Year,Letterboxd URI
2021-05-25,Joker,2019,https://boxd.it/h4cS
2021-05-25,Thunder Force,2021,https://boxd.it/mLsE
2021-05-25,Spy,2015,https://boxd.it/71Ks
2021-05-25,Identity Thief,2013,https://boxd.it/3GOW
2021-05-25,Run,2020,https://boxd.it/jVM4
2021-05-25,Antebellum,2020,https://boxd.it/neiI
2021-05-25,Biggie: I Got a Story to Tell,2021,https://boxd.it/tZR8
2021-05-25,Instant Family,2018,https://boxd.it/hHpQ
2021-05-25,Life of the Party,2018,https://boxd.it/e0RG
2021-05-25,The Midnight Sky,2020,https://boxd.it/mK6C
2021-05-25,Zombieland,2009,https://boxd.it/1En6
2021-05-25,Zombieland: Double Tap,2019,https://boxd.it/bgb6
2021-06-05,Grown Ups,2010,https://boxd.it/169a
2021-06-05,Grown Ups 2,2013,https://boxd.it/3GAq
2021-06-05,3022,2019,https://boxd.it/nNmU
2021-06-26,Believe Me: The Abduction of Lisa McVey,2018,https://boxd.it/k7Ne
2021-07-16,Fight Club,1999,https://boxd.it/2a9q
2021-07-16,The Shining,1980,https://boxd.it/29Nu
2021-07-16,Black Panther,2018,https://boxd.it/8MHs
2021-07-16,Avengers: Endgame,2019,https://boxd.it/9vE4
2021-07-16,Avengers: Infinity War,2018,https://boxd.it/9vEe
2021-07-16,Arrival,2016,https://boxd.it/aNGk
2021-07-16,Guardians of the Galaxy,2014,https://boxd.it/3VH2
2021-07-16,The Silence of the Lambs,1991,https://boxd.it/2aHW
2021-07-16,Kill Bill: Vol. 1,2003,https://boxd.it/70w
2021-07-16,The Truman Show,1998,https://boxd.it/18U8
2021-07-16,Scott Pilgrim vs. the World,2010,https://boxd.it/1Aq6
2021-07-16,Se7en,1995,https://boxd.it/29zs
2021-07-16,The Avengers,2012,https://boxd.it/1xFW
2021-07-16,Back to the Future,1985,https://boxd.it/2b8e
2021-07-16,The Shawshank Redemption,1994,https://boxd.it/2aHi
2021-07-16,The Empire Strikes Back,1980,https://boxd.it/27Vw
2021-07-16,Star Wars: The Last Jedi,2017,https://boxd.it/5xme
2021-07-16,It,2017,https://boxd.it/bC8e
2021-07-16,Ratatouille,2007,https://boxd.it/27ww
2021-07-16,Captain America: Civil War,2016,https://boxd.it/89Ja
2021-07-16,Up,2009,https://boxd.it/1OEc
2021-07-16,Doctor Strange,2016,https://boxd.it/8MH8
2021-07-16,Iron Man,2008,https://boxd.it/28dA
2021-07-16,Captain America: The Winter Soldier,2014,https://boxd.it/3r58
2021-07-16,Jurassic Park,1993,https://boxd.it/2aA2
2021-07-16,Alien,1979,https://boxd.it/2awY
2021-07-16,Donnie Darko,2001,https://boxd.it/2b2A
2021-07-16,Memento,2000,https://boxd.it/2bcK
2021-07-16,The Incredibles,2004,https://boxd.it/1XLm
2021-07-16,Titanic,1997,https://boxd.it/2a2k
2021-07-16,Harry Potter and the Philosopher's Stone,2001,https://boxd.it/29QS
2021-07-16,Return of the Jedi,1983,https://boxd.it/27Vm
2021-07-16,Finding Nemo,2003,https://boxd.it/72i
2021-07-16,The Lion King,1994,https://boxd.it/201Q
2021-07-16,American Beauty,1999,https://boxd.it/71Y
2021-07-16,Ant-Man,2015,https://boxd.it/3vmW
2021-07-16,"Monsters, Inc.",2001,https://boxd.it/2a46
2021-07-16,Mulholland Drive,2001,https://boxd.it/297o
2021-07-16,Jaws,1975,https://boxd.it/2a5e
2021-07-16,Deadpool 2,2018,https://boxd.it/dlLM
2021-07-16,Kill Bill: Vol. 2,2004,https://boxd.it/2au4
2021-07-16,Avatar,2009,https://boxd.it/1Efm
2021-07-16,Zootopia,2016,https://boxd.it/84xS
2021-07-16,Harry Potter and the Deathly Hallows: Part 2,2011,https://boxd.it/1RYk
2021-07-16,Harry Potter and the Chamber of Secrets,2002,https://boxd.it/29QI
2021-07-16,Star Wars: Episode III – Revenge of the Sith,2005,https://boxd.it/27US
2021-07-16,Harry Potter and the Goblet of Fire,2005,https://boxd.it/29Qo
2021-07-16,Shrek,2001,https://boxd.it/29zi
2021-07-16,Ferris Bueller's Day Off,1986,https://boxd.it/1YPY
2021-07-16,10 Things I Hate About You,1999,https://boxd.it/23AO
2021-07-16,Raiders of the Lost Ark,1981,https://boxd.it/2bbs
2021-07-16,Shaun of the Dead,2004,https://boxd.it/29J8
2021-07-16,Star Wars: Episode I – The Phantom Menace,1999,https://boxd.it/27Vc
2021-07-16,Thor,2011,https://boxd.it/1WQU
2021-07-16,Home Alone,1990,https://boxd.it/29Fg
2021-07-16,Moana,2016,https://boxd.it/8tfY
2021-07-16,Harry Potter and the Order of the Phoenix,2007,https://boxd.it/29Qe
2021-07-16,Ant-Man and the Wasp,2018,https://boxd.it/cqUW
2021-07-16,Toy Story 2,1999,https://boxd.it/29qq
2021-07-16,Harry Potter and the Deathly Hallows: Part 1,2010,https://boxd.it/1RYu
2021-07-16,Die Hard,1988,https://boxd.it/2a7u
2021-07-16,Harry Potter and the Half-Blood Prince,2009,https://boxd.it/29FU
2021-07-16,Star Wars: Episode II – Attack of the Clones,2002,https://boxd.it/27V2
2021-07-16,Ready Player One,2018,https://boxd.it/aZes
2021-07-16,Hot Fuzz,2007,https://boxd.it/2416
2021-07-16,Juno,2007,https://boxd.it/210a
2021-07-16,Pirates of the Caribbean: The Curse of the Black Pearl,2003,https://boxd.it/70G
2021-07-16,E.T. the Extra-Terrestrial,1982,https://boxd.it/2a1G
2021-07-16,Frozen,2013,https://boxd.it/3GNa
2021-07-16,Edward Scissorhands,1990,https://boxd.it/2aZc
2021-07-16,Brokeback Mountain,2005,https://boxd.it/2b2q
2021-07-16,Solo: A Star Wars Story,2018,https://boxd.it/bGWs
2021-07-16,Jurassic World,2015,https://boxd.it/4n0g
2021-07-16,Clueless,1995,https://boxd.it/1Ygk
2021-07-16,Ford v Ferrari,2019,https://boxd.it/ce74
2021-07-16,Halloween,1978,https://boxd.it/2wRu
2021-07-16,The Sixth Sense,1999,https://boxd.it/29Js
2021-07-16,Ocean's Eleven,2001,https://boxd.it/2aZm
2021-07-16,Venom,2018,https://boxd.it/b8wA
2021-07-16,Scream,1996,https://boxd.it/24EC
2021-07-16,School of Rock,2003,https://boxd.it/28xK
2021-07-16,Finding Dory,2016,https://boxd.it/4aAA
2021-07-16,Groundhog Day,1993,https://boxd.it/2b3e
2021-07-16,Terminator 2: Judgment Day,1991,https://boxd.it/2aGY
2021-07-16,Ghostbusters,1984,https://boxd.it/g2w
2021-07-16,The Terminator,1984,https://boxd.it/2aQY
2021-07-16,Mulan,1998,https://boxd.it/1VFw
2021-07-16,Charlie and the Chocolate Factory,2005,https://boxd.it/2b68
2021-07-16,Back to the Future Part II,1989,https://boxd.it/2aYI
2021-07-16,Crazy Rich Asians,2018,https://boxd.it/gfnK
2021-07-16,Beetlejuice,1988,https://boxd.it/24QI
2021-07-16,The Hangover,2009,https://boxd.it/1GjK
2021-07-16,The Green Mile,1999,https://boxd.it/2agG
2021-07-16,Game Night,2018,https://boxd.it/fRtu
2021-07-16,Brave,2012,https://boxd.it/bVG
2021-07-16,Indiana Jones and the Last Crusade,1989,https://boxd.it/2baO
2021-07-16,Jumanji: Welcome to the Jungle,2017,https://boxd.it/bUeE
2021-07-16,Borat: Cultural Learnings of America for Make Benefit Glorious Nation of Kazakhstan,2006,https://boxd.it/2agQ
2021-07-17,Aquaman,2018,https://boxd.it/9ru0
2021-07-18,Need for Speed,2014,https://boxd.it/4p90
2021-07-22,Suicide Squad,2016,https://boxd.it/9row
2021-08-14,Awake,2021,https://boxd.it/mLaA
2021-08-29,The Tomorrow War,2021,https://boxd.it/lE78
2021-08-30,Escape Room,2019,https://boxd.it/iYlS
2021-09-14,The Accountant,2016,https://boxd.it/9EhI
2021-09-27,Kate,2021,https://boxd.it/m2qy
2021-10-03,Infinite,2021,https://boxd.it/lnRe
2021-10-14,The Kitchen,2019,https://boxd.it/hyp8
2021-10-23,Man of Steel,2013,https://boxd.it/FRk
2021-10-23,The Guilty,2021,https://boxd.it/kOPW
2021-11-11,The Dead Don't Die,2019,https://boxd.it/juZg
2021-11-15,Candyman,1992,https://boxd.it/1Ys6
2021-12-18,21,2008,https://boxd.it/20BO
2021-12-18,Creed,2015,https://boxd.it/a2qk
2021-12-23,Pacific Rim,2013,https://boxd.it/2cB2
2021-12-24,The Matrix,1999,https://boxd.it/2a1m
2021-12-27,Warrior,2011,https://boxd.it/i3G
2021-12-27,Don't Look Up,2021,https://boxd.it/o0Hc
2021-12-28,Click & Collect,2018,https://boxd.it/kMdG
2022-02-13,Home Team,2022,https://boxd.it/uObC
2022-02-13,Paul Blart: Mall Cop,2009,https://boxd.it/1NQw
2022-02-13,Paul Blart: Mall Cop 2,2015,https://boxd.it/7Acq
2022-03-05,Army of the Dead,2021,https://boxd.it/ic7S
2022-04-18,Gemini Man,2019,https://boxd.it/gaUu
2022-04-19,Tomb Raider,2018,https://boxd.it/bgbA
2022-05-01,Fear Street: 1994,2021,https://boxd.it/lLBk
2022-07-23,Hustle,2022,https://boxd.it/qpig
2022-07-25,The Man from Toronto,2022,https://boxd.it/oRgS
2022-08-02,Rogue Agent,2022,https://boxd.it/vWGK
2022-10-10,The Maze Runner,2014,https://boxd.it/5YPM
2022-10-10,Maze Runner: The Scorch Trials,2015,https://boxd.it/9hwA
2022-10-18,Maze Runner: The Death Cure,2018,https://boxd.it/bakw
2022-10-29,The 5th Wave,2016,https://boxd.it/9wbi
2022-10-29,Moonfall,2022,https://boxd.it/ejwM
2022-10-31,Think Like a Man,2012,https://boxd.it/2ffo
2022-11-20,Prey,2022,https://boxd.it/sNBU
2022-11-20,Matriarch,2022,https://boxd.it/CJMO
2022-12-04,Pulp Fiction,1994,https://boxd.it/29Pq
2022-12-17,1408,2007,https://boxd.it/25Vu
2023-01-05,Avatar: The Way of Water,2022,https://boxd.it/2E2E
2023-02-25,Indiana Jones and the Temple of Doom,1984,https://boxd.it/2bb8
2023-03-04,The Nightmare Before Christmas,1993,https://boxd.it/1YzQ
2023-05-09,R.I.P.D.,2013,https://boxd.it/FQQ
2023-05-09,Evil Dead Rise,2023,https://boxd.it/qIvo
2023-05-30,Nobody,2021,https://boxd.it/mLqS
2023-08-31,Zom 100: Bucket List of the Dead,2023,https://boxd.it/Evs0
2023-09-15,Cargo,2017,https://boxd.it/f55Y
2023-10-02,Scarface,1983,https://boxd.it/2b7g
2023-11-01,Halloween II,1981,https://boxd.it/1UeE
2023-11-03,The Conjuring: The Devil Made Me Do It,2021,https://boxd.it/eXZY
2023-11-05,Halloween 4: The Return of Michael Myers,1988,https://boxd.it/1U2S
2023-11-13,Stand by Me,1986,https://boxd.it/2aOe
2023-12-03,1922,2017,https://boxd.it/g8CS
2023-12-12,Leave the World Behind,2023,https://boxd.it/re0i
2023-12-27,In the Tall Grass,2019,https://boxd.it/iZpm
2024-01-28,Queenpins,2021,https://boxd.it/niBu
2024-04-01,Firestarter,2022,https://boxd.it/jnA4
2024-06-30,Talk to Me,2022,https://boxd.it/C6uQ
2024-07-13,The Hunger Games,2012,https://boxd.it/2uds
2024-10-06,Johnny English Strikes Again,2018,https://boxd.it/gzGW
2024-10-28,The Black Phone,2021,https://boxd.it/sqFE
2024-11-04,Hubie Halloween,2020,https://boxd.it/mQwm
2024-11-11,Mr. Harrigan's Phone,2022,https://boxd.it/r6VK
2024-12-26,Carry-On,2024,https://boxd.it/C0B2
2025-01-24,Champions,2023,https://boxd.it/zbna
2025-02-09,Subservience,2024,https://boxd.it/EgxO
2025-05-19,A Deadly American Marriage,2025,https://boxd.it/Uonu
2025-06-07,STRAW,2025,https://boxd.it/SNQC
2025-06-08,The Unforgivable,2021,https://boxd.it/nZ4e
2025-06-12,28 Days Later,2002,https://boxd.it/2aXU
2025-06-12,28 Weeks Later,2007,https://boxd.it/28Bi
2025-06-24,28 Years Later,2025,https://boxd.it/FEGM
2025-07-27,Happy Gilmore,1996,https://boxd.it/1Yey
2025-07-27,Happy Gilmore 2,2025,https://boxd.it/M8PQ
2025-07-29,Villain,2020,https://boxd.it/ozlA
2025-08-15,Forrest Gump,1994,https://boxd.it/728
2026-01-23,The Rip,2026,https://boxd.it/NP5y
